{
  "L_values": [
    0.5,
    1.5,
    2.5,
    3.5,
    4.5,
    5.5,
    6.5,
    7.5,
    8.5,
    9.5,
    10.5,
    11.5,
    12.5,
    13.5,
    14.5,
    15.5,
    16.5,
    17.5,
    18.5,
    19.5,
    20.5
  ],
  "eff_pi0": [
    0.9254,
    0.8023,
    0.6983,
    0.6096,
    0.5448,
    0.4882,
    0.4278,
    0.3877,
    0.3609,
    0.3279,
    0.2953,
    0.2736,
    0.2561,
    0.2365,
    0.2232,
    0.2177,
    0.1921,
    0.1872,
    0.1733,
    0.1635,
    0.1569
  ],
  "eff_eta": [
    0.924,
    0.8022,
    0.6894,
    0.6151,
    0.5341,
    0.4762,
    0.4333,
    0.3976,
    0.3535,
    0.3218,
    0.299,
    0.2649,
    0.2539,
    0.234,
    0.2242,
    0.2079,
    0.1921,
    0.1822,
    0.1722,
    0.1687,
    0.1621
  ],
  "eff_bkg": [
    0.4975,
    0.4975,
    0.4294,
    0.4294,
    0.3819,
    0.3819,
    0.3282,
    0.3282,
    0.2977,
    0.2977,
    0.2614,
    0.2614,
    0.2361,
    0.2361,
    0.2119,
    0.2119,
    0.19,
    0.19,
    0.1783,
    0.1783,
    0.1591,
    0.1591,
    0.1485,
    0.1485,
    0.1361,
    0.1361,
    0.127,
    0.127,
    0.1258,
    0.1258,
    0.1079,
    0.1079,
    0.1027,
    0.1027,
    0.0979,
    0.0979,
    0.098,
    0.098,
    0.0903,
    0.0903,
    0.0879,
    0.0879
  ],
  "S_pi0": [
    0.008852044906234369,
    0.023742566409055144,
    0.03732741079875268,
    0.04699683771468699,
    0.053395328286569566,
    0.055828480049967766,
    0.0601937664905563,
    0.06412223953520879,
    0.06479615962598473,
    0.06686760921729729,
    0.06413433578563854,
    0.06256819172995165,
    0.06620290537830442,
    0.0675956744235009,
    0.06782251450931653,
    0.06989360635634512,
    0.06558228482026607,
    0.06879329291405156,
    0.0679912826162763,
    0.06690220779273659,
    0.06625223701121286
  ],
  "B_pi0": [
    3.4755092039704323,
    10.892661780118942,
    16.017737805843353,
    19.21548640727997,
    22.264855980873108,
    22.438831329345703,
    25.300927013158798,
    26.780218183994293,
    28.230813443660736,
    31.92509150505066,
    23.390096366405487,
    28.722543954849243,
    26.65253621339798,
    24.5249365568161,
    27.790474712848663,
    28.187119364738464,
    27.864564836025238,
    25.196441411972046,
    31.59553736448288,
    29.590222001075745,
    31.772313565015793
  ],
  "Z_pi0": [
    0.004746245374037559,
    0.007191226960837541,
    0.009323065350767901,
    0.010716823002289324,
    0.011311491350989007,
    0.011780826139108472,
    0.01196220477848045,
    0.012385925207432152,
    0.012190501250801197,
    0.011830367068762927,
    0.013254895505650618,
    0.011670369089902065,
    0.012818232197605368,
    0.013643181027527639,
    0.012860249639065732,
    0.01315929942758322,
    0.0124191017154028,
    0.013698690376516913,
    0.012091626142461207,
    0.012294271731957226,
    0.011749659968607582
  ],
  "S_eta": [
    0.0009403614058101084,
    0.002439563275402179,
    0.0038280211701930966,
    0.004639535971364239,
    0.0052494445772026666,
    0.005917934879107634,
    0.0061922058412164915,
    0.006608937663258985,
    0.006495582736533834,
    0.006532669416628778,
    0.007063994518830441,
    0.0067106753995176405,
    0.007012452519120416,
    0.006889101077831583,
    0.007154972845455632,
    0.007039771218842361,
    0.006683442450594157,
    0.0068545686299330555,
    0.006697532142425189,
    0.007239375016069971,
    0.00719966018004925
  ],
  "B_eta": [
    0.5608208104968071,
    1.9509244915097952,
    2.924586959183216,
    3.1921490877866745,
    4.179409846663475,
    4.017432630062103,
    3.866953991353512,
    4.215404629707336,
    5.008692651987076,
    5.32084846496582,
    6.814437419176102,
    5.259057283401489,
    3.7445711195468903,
    4.164611756801605,
    5.007292658090591,
    4.65224289894104,
    5.629205107688904,
    5.399237394332886,
    4.423375189304352,
    3.362525165081024,
    4.332588315010071
  ],
  "Z_eta": [
    0.0012553401987359832,
    0.001746229748708753,
    0.002237934444255358,
    0.0025961382254457363,
    0.002567231293374422,
    0.0029518161799542263,
    0.0031480747583097976,
    0.0032180930625823733,
    0.0029017640639355047,
    0.002831466351806045,
    0.0027055797670836445,
    0.002925633762174379,
    0.003622708800233342,
    0.003374858957020033,
    0.0031967091459331894,
    0.0032630060636929794,
    0.00281637689021539,
    0.002949321140257393,
    0.0031836724344481548,
    0.003946504282767479,
    0.0034579449239687827
  ],
  "sigma_pi0": [
    0.011374577986649835,
    0.011438729791665448,
    0.011668920260993835,
    0.011281430069813787,
    0.01154012182926355,
    0.011718611511535025,
    0.011813214165743937,
    0.011737239465625307,
    0.011528488452166216,
    0.011739324260720267,
    0.011536371632042214,
    0.011596507824887815,
    0.011911331500026419,
    0.011318853071636636,
    0.011634207007195812,
    0.011688438088108582,
    0.012059857484945017,
    0.011902419470892198,
    0.011772355118234204,
    0.011856387181753993,
    0.012046771978982691
  ],
  "sigma_pi0_err": [
    0.00012819730333601,
    0.0001393576958382773,
    0.00014589905564772482,
    0.00015508958529121195,
    0.00016143351409210385,
    0.00017646866473865642,
    0.00019198171375851142,
    0.00019765171723391296,
    0.00019793144831465638,
    0.00021651255415016963,
    0.00021915437543734966,
    0.00023097892569845947,
    0.00025344360920352,
    0.0002342798568999594,
    0.0002568169366673782,
    0.0002629432082884853,
    0.0003000399718816899,
    0.0002955281328594593,
    0.00029950426600536175,
    0.0003137610013019829,
    0.00031169411513699754
  ],
  "sigma_eta": [
    0.015703808245819764,
    0.01530902453266632,
    0.015768091253381248,
    0.01540646560456942,
    0.016115627753089532,
    0.016013794010864273,
    0.01569119149595159,
    0.0160405482017602,
    0.015672709260112137,
    0.01636992400171421,
    0.01615200361089659,
    0.01647030481519035,
    0.016328956244687522,
    0.016383649282954063,
    0.01633908862648911,
    0.01580355748346977,
    0.01584279135044357,
    0.016167474116516353,
    0.016438102202587027,
    0.01672420381314268,
    0.016374103010258396
  ],
  "sigma_eta_err": [
    0.00017783442818769448,
    0.00018023668184054178,
    0.00020757766322841622,
    0.0001909603824455635,
    0.00023632409813479152,
    0.00025927807339086277,
    0.0002473301016733655,
    0.0002707095104695356,
    0.00028718501557425426,
    0.0003151548131526717,
    0.00030372750767035384,
    0.0003525788166605492,
    0.00035051616329575576,
    0.0003533971543101047,
    0.0003592319895939951,
    0.000362984332054065,
    0.00038009842376067124,
    0.0004076985975148533,
    0.0004364697239376703,
    0.0004563968816411884,
    0.0004246282818654041
  ]
}