{
  "L_values": [
    0.5,
    1.5,
    2.5,
    3.5,
    4.5,
    5.5,
    6.5,
    7.5,
    8.5,
    9.5,
    10.5,
    11.5,
    12.5,
    13.5,
    14.5,
    15.5,
    16.5,
    17.5,
    18.5,
    19.5,
    20.5
  ],
  "N_gen_bkg": 100000,
  "N_gen_pi0": 100000,
  "N_gen_eta": 100000,
  "eff_pi0": [
    0.92723,
    0.79992,
    0.7002,
    0.61309,
    0.54601,
    0.48253,
    0.43431,
    0.38984,
    0.35488,
    0.32601,
    0.29641,
    0.27758,
    0.25557,
    0.23806,
    0.22137,
    0.20945,
    0.19659,
    0.18759,
    0.17513,
    0.1637,
    0.16014
  ],
  "eff_eta": [
    0.92245,
    0.7989,
    0.69544,
    0.6126,
    0.54106,
    0.48162,
    0.43088,
    0.3905,
    0.35557,
    0.32461,
    0.29895,
    0.2728,
    0.25314,
    0.23739,
    0.22105,
    0.20901,
    0.19556,
    0.18417,
    0.1741,
    0.16446,
    0.15608
  ],
  "eff_bkg": [
    0.49865,
    0.43137,
    0.37646,
    0.32967,
    0.29329,
    0.25956,
    0.2344,
    0.21186,
    0.19257,
    0.17653,
    0.16425,
    0.14806,
    0.13893,
    0.12906,
    0.11923,
    0.11276,
    0.10691,
    0.10027,
    0.0964,
    0.09005,
    0.0862
  ],
  "S_pi0": [
    0.010122508799999999,
    0.026664703999999997,
    0.03562237952,
    0.04624736256,
    0.050995559680000004,
    0.0578392,
    0.059194539520000006,
    0.0610319488,
    0.06356251776,
    0.06664005632,
    0.06442636287999999,
    0.064444928,
    0.0686473728,
    0.06603307007999999,
    0.06735214592,
    0.068139904,
    0.0680432896,
    0.06814248191999998,
    0.06838425088,
    0.0673822656,
    0.06910281727999999
  ],
  "S_pi0_err": [
    3.405072782838937e-05,
    0.00010333165871640896,
    0.00017252487426948164,
    0.00023095343472285434,
    0.00019905609896771152,
    0.0002497052838061979,
    0.00027881223865552885,
    0.00031626101503475954,
    0.00039317431943821214,
    0.0004184668848293327,
    0.0003975571951143754,
    0.00042763832596637064,
    0.0004061240824571052,
    0.00044008891057219966,
    0.0004724207064090082,
    0.00046795940682190044,
    0.0004995029977566393,
    0.000598240780987696,
    0.0006012678008042324,
    0.0005654090532194121,
    0.0005050455122967574
  ],
  "B_pi0": [
    3.12645848172,
    10.533812415639998,
    15.95969617266,
    19.409878938056,
    20.435874047088,
    23.983173097728,
    27.130088690496,
    27.225115270848,
    26.410220350259998,
    27.2798975345,
    28.868603177583996,
    27.837908732192002,
    27.327500811967994,
    30.112337537492,
    27.651015125296,
    28.2725073582,
    27.834629195328,
    29.220463487891998,
    30.92223316408,
    28.173521337,
    28.593342049943995
  ],
  "B_pi0_err": [
    0.04620978703325915,
    0.16776752131334607,
    0.4429131278753364,
    0.3942862738771149,
    0.3830780678675607,
    0.49080895246556006,
    0.500446098443185,
    0.6083667948560432,
    0.6385761655696078,
    0.7365579248850985,
    0.6870512448423305,
    0.7521097864447304,
    0.6738555731938846,
    0.8833297976327463,
    0.8412908158382767,
    0.9422958334097971,
    0.9575896187596132,
    0.9589064769593744,
    1.1648682026306698,
    0.8983097739265995,
    1.0585448849182195
  ],
  "Z_pi0": [
    0.005721734880310827,
    0.00821222626246258,
    0.008913518651898485,
    0.010493085954009447,
    0.011276005559095689,
    0.011805775897106659,
    0.011360520373571867,
    0.011692576813227266,
    0.012363488045270151,
    0.012753732806633493,
    0.011986415067950408,
    0.012209644045833712,
    0.013126298878969813,
    0.012029030987024797,
    0.012803235442465513,
    0.012809879508865925,
    0.012891866003072577,
    0.012601020898002257,
    0.012293080152050353,
    0.012689720748325502,
    0.01291779846760453
  ],
  "Z_pi0_err": [
    4.3848229064007296e-05,
    6.973777488115384e-05,
    0.00011187225727162183,
    0.0001042698687344423,
    0.00011360582933051929,
    0.00013871238638543998,
    0.00011915744663417495,
    0.0001440530707552523,
    0.00017409046234693118,
    0.00018211397886603903,
    0.0001660864011821538,
    0.000173937648409983,
    0.00017296252339220396,
    0.00018554647578733678,
    0.00021806374899099648,
    0.00022842805298858417,
    0.00022843733473893992,
    0.00022282060037948353,
    0.00023417752039891457,
    0.0002408066015132651,
    0.0002663493158531753
  ],
  "S_eta": [
    0.0009392922,
    0.0027297811199999997,
    0.003673142484,
    0.004471464096,
    0.005790136704,
    0.006107460479999999,
    0.00611085816,
    0.006174160344,
    0.006679624116,
    0.006669733751999999,
    0.006513640584,
    0.0067771572,
    0.006656451119999999,
    0.0070888700519999995,
    0.007245847488,
    0.006995892815999999,
    0.00702696456,
    0.0069097049999999995,
    0.007187788607999999,
    0.006938820504,
    0.0068865954959999994
  ],
  "S_eta_err": [
    3.253372086569649e-06,
    8.4043263573675e-06,
    1.3142832590443379e-05,
    1.7801323777045178e-05,
    2.4631170009165717e-05,
    3.5470670937519895e-05,
    2.9363360601349643e-05,
    3.326773049899744e-05,
    4.113954630995136e-05,
    4.5000753295184934e-05,
    5.334402065911041e-05,
    4.622866301545935e-05,
    4.74196564767016e-05,
    5.473586230452456e-05,
    5.24308676970868e-05,
    4.9450709160318436e-05,
    5.8957809092613564e-05,
    5.9697197597762515e-05,
    5.80218688551113e-05,
    6.444246403441197e-05,
    6.513133416308883e-05
  ],
  "B_eta": [
    0.57321905004,
    1.9286876308479997,
    2.67117277714,
    3.352106615704,
    3.537540428752,
    3.920326371744,
    4.193047858032,
    4.2761961158399995,
    4.95100081996,
    4.5331098345,
    4.666381013951999,
    5.13687457088,
    5.070863892903999,
    4.967228528284,
    4.879590904463999,
    5.51987048422,
    5.6348842419839995,
    5.410095986568,
    5.595759767140001,
    5.296751993,
    4.695986833019999
  ],
  "B_eta_err": [
    0.018334332651748473,
    0.07762908595428156,
    0.10794944557712749,
    0.16122895378820928,
    0.17826975433651604,
    0.2132978635913748,
    0.24655807557946866,
    0.22887487633177148,
    0.2866068433926607,
    0.27136444294605083,
    0.3244524501931325,
    0.34230652282240404,
    0.2804084380016107,
    0.38329677386650396,
    0.36206940369235396,
    0.40218456728035407,
    0.4112609023250172,
    0.36236671663699865,
    0.4442244001582157,
    0.501907939085366,
    0.38294184846421286
  ],
  "Z_eta": [
    0.0012402860679529967,
    0.0019651444513193142,
    0.002246918383225343,
    0.002441711374734321,
    0.003077653357790638,
    0.0030838045698050893,
    0.0029835399420710465,
    0.0029850020792723166,
    0.0030012896758738646,
    0.0031318714660041355,
    0.003014620885451187,
    0.0029895280002611062,
    0.0029553355397145416,
    0.0031799236657160863,
    0.0032793672296680463,
    0.002977056002016261,
    0.002959613755062684,
    0.002970055838632374,
    0.0030378954925856507,
    0.0030142970824479326,
    0.003177130421597579
  ],
  "Z_eta_err": [
    2.0526191047045334e-05,
    3.8574769855151484e-05,
    4.730769456950912e-05,
    6.208977932225466e-05,
    7.905964905589545e-05,
    8.411815012584106e-05,
    8.634598677034755e-05,
    8.265338615453483e-05,
    8.464302152208118e-05,
    9.210761906336375e-05,
    0.00010459394070224355,
    0.00010160155655729858,
    8.155217392345194e-05,
    0.00011962730983944696,
    0.00012054185958026123,
    0.00010917308466727904,
    0.00011027394026958357,
    9.925455288998919e-05,
    0.0001221448640171458,
    0.00013709745490119292,
    0.00013246399436163845
  ],