{
  "L_values": [
    0.5,
    1.5,
    2.5,
    3.5,
    4.5,
    5.5,
    6.5,
    7.5,
    8.5,
    9.5,
    10.5,
    11.5,
    12.5,
    13.5,
    14.5,
    15.5,
    16.5,
    17.5,
    18.5,
    19.5,
    20.5
  ],
  "N_gen_bkg": 100000,
  "N_gen_pi0": 100000,
  "N_gen_eta": 100000,
  "eff_pi0": [
    0.92723,
    0.79992,
    0.7002,
    0.61309,
    0.54601,
    0.48253,
    0.43431,
    0.38984,
    0.35488,
    0.32601,
    0.29641,
    0.27758,
    0.25557,
    0.23806,
    0.22137,
    0.20945,
    0.19659,
    0.18759,
    0.17513,
    0.1637,
    0.16014
  ],
  "eff_eta": [
    0.92245,
    0.7989,
    0.69544,
    0.6126,
    0.54106,
    0.48162,
    0.43088,
    0.3905,
    0.35557,
    0.32461,
    0.29895,
    0.2728,
    0.25314,
    0.23739,
    0.22105,
    0.20901,
    0.19556,
    0.18417,
    0.1741,
    0.16446,
    0.15608
  ],
  "eff_bkg": [
    0.49865,
    0.43137,
    0.37646,
    0.32967,
    0.29329,
    0.25956,
    0.2344,
    0.21186,
    0.19257,
    0.17653,
    0.16425,
    0.14806,
    0.13893,
    0.12906,
    0.11923,
    0.11276,
    0.10691,
    0.10027,
    0.0964,
    0.09005,
    0.0862
  ],
  "S_pi0": [
    0.010122508843778633,
    0.026664704142604023,
    0.03562237907317467,
    0.04624736332334578,
    0.05099555931519717,
    0.057839200540911406,
    0.05919453967362642,
    0.061031948775053024,
    0.06356251786928624,
    0.0666400566115044,
    0.06442636298015714,
    0.06444492790615186,
    0.06864737288560718,
    0.06603306962642819,
    0.06735214573564008,
    0.06813990406226367,
    0.06804329028818756,
    0.0681424816721119,
    0.06838425097521394,
    0.06738226511515677,
    0.06910281704040244
  ],
  "B_pi0": [
    3.1264584809541702,
    10.533812463283539,
    15.959696054458618,
    19.40987902879715,
    20.435874044895172,
    23.98317301273346,
    27.130088686943054,
    27.225115418434143,
    26.410220503807068,
    27.27989763021469,
    28.86860305070877,
    27.837908625602722,
    27.327500700950623,
    30.112337470054626,
    27.651015162467957,
    28.2725071310997,
    27.83462953567505,
    29.220463156700134,
    30.92223286628723,
    28.17352122068405,
    28.59334236383438
  ],
  "Z_pi0": [
    0.005721734905752292,
    0.008212226287919136,
    0.00891351857321867,
    0.010493086102356268,
    0.011276005478792,
    0.011805776028695411,
    0.011360520403862172,
    0.011692576777017072,
    0.012363488030639726,
    0.012753732840061012,
    0.011986415112888987,
    0.012209644051341798,
    0.013126298922157446,
    0.012029030917795246,
    0.012803235398956636,
    0.012809879572042413,
    0.012891866054257947,
    0.012601020923732454,
    0.012293080228523882,
    0.012689720683103933,
    0.012917798352080187
  ],
  "S_eta": [
    0.0009392922047481989,
    0.002729781095695216,
    0.003673142480693059,
    0.004471464057132835,
    0.005790136732684914,
    0.0061074604964233,
    0.006110858186730184,
    0.006174160342197865,
    0.006679624118987704,
    0.006669733804301359,
    0.006513640590128489,
    0.0067771571229968686,
    0.006656451037997613,
    0.007088870013831183,
    0.00724584746058099,
    0.006995892821578309,
    0.007026964565739036,
    0.0069097050072741695,
    0.007187788603914669,
    0.00693882052655681,
    0.0068865954999637324
  ],
  "B_eta": [
    0.573219052515924,
    1.9286876246333122,
    2.6711728051304817,
    3.352106586098671,
    3.5375405102968216,
    3.920326389372349,
    4.193047858774662,
    4.276196137070656,
    4.951000727713108,
    4.5331099182367325,
    4.666381005197763,
    5.136874482035637,
    5.070863887667656,
    4.96722861379385,
    4.8795908652246,
    5.519870527088642,
    5.634884215891361,
    5.41009595990181,
    5.595759708434343,
    5.296752065420151,
    4.695986859500408
  ],
  "Z_eta": [
    0.0012402860715830125,
    0.001965144436975132,
    0.002246918369546239,
    0.002441711364421016,
    0.0030776533374958074,
    0.0030838045709841457,
    0.0029835399550378365,
    0.002985002070950589,
    0.0030012897052251997,
    0.0031318714616585634,
    0.0030146208910553653,
    0.002989527992361066,
    0.0029553355049400727,
    0.003179923621383018,
    0.0032793672305366332,
    0.002977055992590835,
    0.002959613764345838,
    0.002970055849292838,
    0.003037895506788831,
    0.0030142970716466886,
    0.0031771304144236423
  ],
  "sigma_pi0": [
    0.011330170205025133,
    0.011370030176540208,
    0.011513933991969367,
    0.011587899967638057,
    0.011661663584884786,
    0.01166790298823565,
    0.011679933397897625,
    0.011737911733388355,
    0.011720307899829915,
    0.011638862498970443,
    0.01184526826258144,
    0.011680866358395697,
    0.011821433480766244,
    0.011849614830602422,
    0.0118628838246572,
    0.0119520092602552,
    0.012150719335136301,
    0.012209704489470508,
    0.012070225498780172,
    0.011937482427315491,
    0.012031450465935322
  ],
  "sigma_pi0_err": [
    4.012029559662036e-05,
    4.353581134656191e-05,
    4.470138856646835e-05,
    4.849698508286194e-05,
    5.216924621906458e-05,
    5.5580301125015066e-05,
    5.8741803943577683e-05,
    6.261971119044755e-05,
    6.55665983470416e-05,
    6.732708992734492e-05,
    7.347337131707963e-05,
    7.349812662821309e-05,
    7.884005879658148e-05,
    8.213034650539786e-05,
    8.535313953271593e-05,
    8.93081293072296e-05,
    9.562154832852901e-05,
    9.886603798002144e-05,
    9.957687553656565e-05,
    0.00010055892451513952,
    0.00010355755707593291
  ],
  "sigma_eta": [
    0.01558345616420884,
    0.015649269398158923,
    0.015682225433165938,
    0.01570636060802957,
    0.015888088912067964,
    0.015931470709745228,
    0.015821238022070205,
    0.016004745473985192,
    0.016061714652814082,
    0.016181085423734032,
    0.016103372040595396,
    0.016098385522014733,
    0.01623511431134397,
    0.016223573188810785,
    0.01631605839517262,
    0.01635569019101264,
    0.016014361929108285,
    0.016523260494726143,
    0.016462383079214736,
    0.01632346722163582,
    0.01621733004453052
  ],
  "sigma_eta_err": [
    5.5303382143736396e-05,
    6.0017118152876255e-05,
    6.467040661949953e-05,
    6.915645262641282e-05,
    7.552667828562669e-05,
    7.658389507539734e-05,
    7.979044938638893e-05,
    8.598183558619112e-05,
    9.083642950770236e-05,
    9.216598646871049e-05,
    9.508233739901825e-05,
    0.00010434018840131849,
    0.0001051628893198979,
    0.00010843984247589124,
    0.0001137675371441129,
    0.0001235223060680104,
    0.00012184640401315637,
    0.00012834834601140564,
    0.00013081470503701655,
    0.0001322180239593778,
    0.0001337307736628511
  ]
}